Workbook

Sheet Summary
A1: Pioneer Car Service Center - Technicians KPI History
A3: Important: | B3: Jan-Jun, Aug and Sep-2026 are SIMULATED / ESTIMATED data generated around the Jul-2026 baseline supplied by the user. Jul-2026 is transcribed from the provided report image.
A6: Month | B6: Technicians | C6: Total Available Hrs | D6: Total Worked Hrs | E6: Avg Productivity | F6: Avg Idle | G6: Total Billed Value (AED) | H6: Avg U% | I6: Avg P% | J6: Avg E%
A7: Jan-2026 | B7: =COUNTA('Jan-2026'!B6:B88) | C7: =SUM('Jan-2026'!F6:F88) | D7: =SUM('Jan-2026'!I6:I88) | E7: =AVERAGE('Jan-2026'!J6:J88) | F7: =AVERAGE('Jan-2026'!K6:K88) | G7: =SUM('Jan-2026'!L6:L88) | H7: =AVERAGE('Jan-2026'!O6:O88) | I7: =AVERAGE('Jan-2026'!P6:P88) | J7: =AVERAGE('Jan-2026'!Q6:Q88)
A8: Feb-2026 | B8: =COUNTA('Feb-2026'!B6:B88) | C8: =SUM('Feb-2026'!F6:F88) | D8: =SUM('Feb-2026'!I6:I88) | E8: =AVERAGE('Feb-2026'!J6:J88) | F8: =AVERAGE('Feb-2026'!K6:K88) | G8: =SUM('Feb-2026'!L6:L88) | H8: =AVERAGE('Feb-2026'!O6:O88) | I8: =AVERAGE('Feb-2026'!P6:P88) | J8: =AVERAGE('Feb-2026'!Q6:Q88)
A9: Mar-2026 | B9: =COUNTA('Mar-2026'!B6:B88) | C9: =SUM('Mar-2026'!F6:F88) | D9: =SUM('Mar-2026'!I6:I88) | E9: =AVERAGE('Mar-2026'!J6:J88) | F9: =AVERAGE('Mar-2026'!K6:K88) | G9: =SUM('Mar-2026'!L6:L88) | H9: =AVERAGE('Mar-2026'!O6:O88) | I9: =AVERAGE('Mar-2026'!P6:P88) | J9: =AVERAGE('Mar-2026'!Q6:Q88)
A10: Apr-2026 | B10: =COUNTA('Apr-2026'!B6:B88) | C10: =SUM('Apr-2026'!F6:F88) | D10: =SUM('Apr-2026'!I6:I88) | E10: =AVERAGE('Apr-2026'!J6:J88) | F10: =AVERAGE('Apr-2026'!K6:K88) | G10: =SUM('Apr-2026'!L6:L88) | H10: =AVERAGE('Apr-2026'!O6:O88) | I10: =AVERAGE('Apr-2026'!P6:P88) | J10: =AVERAGE('Apr-2026'!Q6:Q88)
A11: May-2026 | B11: =COUNTA('May-2026'!B6:B88) | C11: =SUM('May-2026'!F6:F88) | D11: =SUM('May-2026'!I6:I88) | E11: =AVERAGE('May-2026'!J6:J88) | F11: =AVERAGE('May-2026'!K6:K88) | G11: =SUM('May-2026'!L6:L88) | H11: =AVERAGE('May-2026'!O6:O88) | I11: =AVERAGE('May-2026'!P6:P88) | J11: =AVERAGE('May-2026'!Q6:Q88)
A12: Jun-2026 | B12: =COUNTA('Jun-2026'!B6:B88) | C12: =SUM('Jun-2026'!F6:F88) | D12: =SUM('Jun-2026'!I6:I88) | E12: =AVERAGE('Jun-2026'!J6:J88) | F12: =AVERAGE('Jun-2026'!K6:K88) | G12: =SUM('Jun-2026'!L6:L88) | H12: =AVERAGE('Jun-2026'!O6:O88) | I12: =AVERAGE('Jun-2026'!P6:P88) | J12: =AVERAGE('Jun-2026'!Q6:Q88)
A13: Jul-2026 | B13: =COUNTA('Jul-2026'!B6:B88) | C13: =SUM('Jul-2026'!F6:F88) | D13: =SUM('Jul-2026'!I6:I88) | E13: =AVERAGE('Jul-2026'!J6:J88) | F13: =AVERAGE('Jul-2026'!K6:K88) | G13: =SUM('Jul-2026'!L6:L88) | H13: =AVERAGE('Jul-2026'!O6:O88) | I13: =AVERAGE('Jul-2026'!P6:P88) | J13: =AVERAGE('Jul-2026'!Q6:Q88)
A14: Aug-2026 | B14: =COUNTA('Aug-2026'!B6:B88) | C14: =SUM('Aug-2026'!F6:F88) | D14: =SUM('Aug-2026'!I6:I88) | E14: =AVERAGE('Aug-2026'!J6:J88) | F14: =AVERAGE('Aug-2026'!K6:K88) | G14: =SUM('Aug-2026'!L6:L88) | H14: =AVERAGE('Aug-2026'!O6:O88) | I14: =AVERAGE('Aug-2026'!P6:P88) | J14: =AVERAGE('Aug-2026'!Q6:Q88)
A15: Sep-2026 MTD | B15: =COUNTA('Sep-2026 MTD'!B6:B88) | C15: =SUM('Sep-2026 MTD'!F6:F88) | D15: =SUM('Sep-2026 MTD'!I6:I88) | E15: =AVERAGE('Sep-2026 MTD'!J6:J88) | F15: =AVERAGE('Sep-2026 MTD'!K6:K88) | G15: =SUM('Sep-2026 MTD'!L6:L88) | H15: =AVERAGE('Sep-2026 MTD'!O6:O88) | I15: =AVERAGE('Sep-2026 MTD'!P6:P88) | J15: =AVERAGE('Sep-2026 MTD'!Q6:Q88)

Sheet Jan-2026
A1: Pioneer Car Service Center | I1: Technicians KPI's Report | N1: Period: | O1: Jan-2026
A2: Data status: | B2: SIMULATED / ESTIMATED - realistic values based on Jul-2026 baseline
A5: S.No | B5: Technician | C5: Designation | D5: Tech ID | E5: Days Present | F5: Avail. Hrs | G5: OT | H5: Total Hrs | I5: Worked Hrs | J5: Prod HRS (%) | K5: Idle HRS (%) | L5: Billed Value (AED) | M5: Billed HRS | N5: Billed Hours | O5: U% | P5: P% | Q5: E%
A6: 1 | B6: GERVAS LEONARD | C6: DENTER | D6: TN0015 | E6: 27 | F6: =E6*8 | G6: 2 | H6: =F6+G6 | I6: 174.16 | J6: =IFERROR(I6/H6,0) | K6: =MAX(0,1-J6) | L6: 14819.93 | M6: 174.16 | N6: =M6+E6*2 | O6: =MIN(1.25,J6+15%) | P6: =J6 | Q6: =MIN(1.25,O6*P6/90%)
A7: 2 | B7: ATHUMANI HAMAD NGODA | C7: PAINTER | D7: TN0018 | E7: 26 | F7: =E7*8 | G7: 1 | H7: =F7+G7 | I7: 171.72 | J7: =IFERROR(I7/H7,0) | K7: =MAX(0,1-J7) | L7: 14775.63 | M7: 171.72 | N7: =M7+E7*2 | O7: =MIN(1.25,J7+15%) | P7: =J7 | Q7: =MIN(1.25,O7*P7/90%)
A8: 3 | B8: SAMIRULLAH Sheikh | C8: PAINTER | D8: TN0020 | E8: 26 | F8: =E8*8 | G8: 0 | H8: =F8+G8 | I8: 169.17 | J8: =IFERROR(I8/H8,0) | K8: =MAX(0,1-J8) | L8: 14415.59 | M8: 169.17 | N8: =M8+E8*2 | O8: =MIN(1.25,J8+15%) | P8: =J8 | Q8: =MIN(1.25,O8*P8/90%)
A9: 4 | B9: BRUNO STEPHANO MASASI | C9: MECHANIC | D9: TN0023 | E9: 27 | F9: =E9*8 | G9: 0 | H9: =F9+G9 | I9: 182.15 | J9: =IFERROR(I9/H9,0) | K9: =MAX(0,1-J9) | L9: 15224.74 | M9: 182.15 | N9: =M9+E9*2 | O9: =MIN(1.25,J9+15%) | P9: =J9 | Q9: =MIN(1.25,O9*P9/90%)
A10: 5 | B10: JUMANNE ABDUL | C10: PAINTER | D10: TN0025 | E10: 27 | F10: =E10*8 | G10: 0 | H10: =F10+G10 | I10: 168.84 | J10: =IFERROR(I10/H10,0) | K10: =MAX(0,1-J10) | L10: 14324.07 | M10: 168.84 | N10: =M10+E10*2 | O10: =MIN(1.25,J10+15%) | P10: =J10 | Q10: =MIN(1.25,O10*P10/90%)
A11: 6 | B11: Ally Bakali Kufikili | C11: PAINTER | D11: TN0027 | E11: 1 | F11: =E11*8 | G11: 0 | H11: =F11+G11 | I11: 6.57 | J11: =IFERROR(I11/H11,0) | K11: =MAX(0,1-J11) | L11: 554.38 | M11: 6.57 | N11: =M11+E11*2 | O11: =MIN(1.25,J11+15%) | P11: =J11 | Q11: =MIN(1.25,O11*P11/90%)
A12: 7 | B12: Daudi Khafani Mrisho | C12: PAINTER | D12: TN0028 | E12: 26 | F12: =E12*8 | G12: 4 | H12: =F12+G12 | I12: 170.09 | J12: =IFERROR(I12/H12,0) | K12: =MAX(0,1-J12) | L12: 14459.12 | M12: 170.09 | N12: =M12+E12*2 | O12: =MIN(1.25,J12+15%) | P12: =J12 | Q12: =MIN(1.25,O12*P12/90%)
A13: 8 | B13: Aboo Khan Babu Khan | C13: PAINTER | D13: TN0041 | E13: 25 | F13: =E13*8 | G13: 4 | H13: =F13+G13 | I13: 159.12 | J13: =IFERROR(I13/H13,0) | K13: =MAX(0,1-J13) | L13: 13673.86 | M13: 159.12 | N13: =M13+E13*2 | O13: =MIN(1.25,J13+15%) | P13: =J13 | Q13: =MIN(1.25,O13*P13/90%)
A14: 9 | B14: AFZAL ALI | C14: DENTER | D14: TN0046 | E14: 27 | F14: =E14*8 | G14: 0 | H14: =F14+G14 | I14: 161.15 | J14: =IFERROR(I14/H14,0) | K14: =MAX(0,1-J14) | L14: 13861.25 | M14: 161.15 | N14: =M14+E14*2 | O14: =MIN(1.25,J14+15%) | P14: =J14 | Q14: =MIN(1.25,O14*P14/90%)
A15: 10 | B15: ALEX LAL | C15: DENTER | D15: TN0047 | E15: 27 | F15: =E15*8 | G15: 0 | H15: =F15+G15 | I15: 167.99 | J15: =IFERROR(I15/H15,0) | K15: =MAX(0,1-J15) | L15: 14396.17 | M15: 167.99 | N15: =M15+E15*2 | O15: =MIN(1.25,J15+15%) | P15: =J15 | Q15: =MIN(1.25,O15*P15/90%)
A16: 11 | B16: MOHAMMAD ALMAGIR | C16: MECHANIC | D16: TN0055 | E16: 14 | F16: =E16*8 | G16: 0 | H16: =F16+G16 | I16: 44.87 | J16: =IFERROR(I16/H16,0) | K16: =MAX(0,1-J16) | L16: 3808.95 | M16: 44.87 | N16: =M16+E16*2 | O16: =MIN(1.25,J16+15%) | P16: =J16 | Q16: =MIN(1.25,O16*P16/90%)
A17: 12 | B17: ADESH BARUA | C17: ELECTRICIAN | D17: TN0064 | E17: 25 | F17: =E17*8 | G17: 0 | H17: =F17+G17 | I17: 160.72 | J17: =IFERROR(I17/H17,0) | K17: =MAX(0,1-J17) | L17: 13684.13 | M17: 160.72 | N17: =M17+E17*2 | O17: =MIN(1.25,J17+15%) | P17: =J17 | Q17: =MIN(1.25,O17*P17/90%)
... A88: 83 | B88: Emmanuel Koranteng | C88: ELECTRICIAN | D88: TN0285 | E88: 24 | F88: =E88*8 | G88: 0 | H88: =F88+G88 | I88: 123.67 | J88: =IFERROR(I88/H88,0) | K88: =MAX(0,1-J88) | L88: 10335.72 | M88: 123.67 | N88: =M88+E88*2 | O88: =MIN(1.25,J88+15%) | P88: =J88 | Q88: =MIN(1.25,O88*P88/90%)
B90: TOTAL / AVG | E90: =SUM(E6:E88) | F90: =SUM(F6:F88) | G90: =SUM(G6:G88) | H90: =SUM(H6:H88) | I90: =SUM(I6:I88) | J90: =AVERAGE(J6:J88) | K90: =AVERAGE(K6:K88) | L90: =SUM(L6:L88) | M90: =SUM(M6:M88) | N90: =SUM(N6:N88) | O90: =AVERAGE(O6:O88) | P90: =AVERAGE(P6:P88) | Q90: =AVERAGE(Q6:Q88)

Sheet Feb-2026
A1: Pioneer Car Service Center | I1: Technicians KPI's Report | N1: Period: | O1: Feb-2026
A2: Data status: | B2: SIMULATED / ESTIMATED - realistic values based on Jul-2026 baseline
A5: S.No | B5: Technician | C5: Designation | D5: Tech ID | E5: Days Present | F5: Avail. Hrs | G5: OT | H5: Total Hrs | I5: Worked Hrs | J5: Prod HRS (%) | K5: Idle HRS (%) | L5: Billed Value (AED) | M5: Billed HRS | N5: Billed Hours | O5: U% | P5: P% | Q5: E%
A6: 1 | B6: GERVAS LEONARD | C6: DENTER | D6: TN0015 | E6: 25 | F6: =E6*8 | G6: 2 | H6: =F6+G6 | I6: 160.34 | J6: =IFERROR(I6/H6,0) | K6: =MAX(0,1-J6) | L6: 13645.65 | M6: 160.34 | N6: =M6+E6*2 | O6: =MIN(1.25,J6+15%) | P6: =J6 | Q6: =MIN(1.25,O6*P6/90%)
A7: 2 | B7: ATHUMANI HAMAD NGODA | C7: PAINTER | D7: TN0018 | E7: 22 | F7: =E7*8 | G7: 0 | H7: =F7+G7 | I7: 149.7 | J7: =IFERROR(I7/H7,0) | K7: =MAX(0,1-J7) | L7: 12645.65 | M7: 149.7 | N7: =M7+E7*2 | O7: =MIN(1.25,J7+15%) | P7: =J7 | Q7: =MIN(1.25,O7*P7/90%)
A8: 3 | B8: SAMIRULLAH Sheikh | C8: PAINTER | D8: TN0020 | E8: 22 | F8: =E8*8 | G8: 0 | H8: =F8+G8 | I8: 142.62 | J8: =IFERROR(I8/H8,0) | K8: =MAX(0,1-J8) | L8: 12214.9 | M8: 142.62 | N8: =M8+E8*2 | O8: =MIN(1.25,J8+15%) | P8: =J8 | Q8: =MIN(1.25,O8*P8/90%)
A9: 4 | B9: BRUNO STEPHANO MASASI | C9: MECHANIC | D9: TN0023 | E9: 25 | F9: =E9*8 | G9: 0 | H9: =F9+G9 | I9: 169.07 | J9: =IFERROR(I9/H9,0) | K9: =MAX(0,1-J9) | L9: 14406.94 | M9: 169.07 | N9: =M9+E9*2 | O9: =MIN(1.25,J9+15%) | P9: =J9 | Q9: =MIN(1.25,O9*P9/90%)
A10: 5 | B10: JUMANNE ABDUL | C10: PAINTER | D10: TN0025 | E10: 25 | F10: =E10*8 | G10: 0 | H10: =F10+G10 | I10: 166.98 | J10: =IFERROR(I10/H10,0) | K10: =MAX(0,1-J10) | L10: 14460.68 | M10: 166.98 | N10: =M10+E10*2 | O10: =MIN(1.25,J10+15%) | P10: =J10 | Q10: =MIN(1.25,O10*P10/90%)
A11: 6 | B11: Ally Bakali Kufikili | C11: PAINTER | D11: TN0027 | E11: 2 | F11: =E11*8 | G11: 1 | H11: =F11+G11 | I11: 14.65 | J11: =IFERROR(I11/H11,0) | K11: =MAX(0,1-J11) | L11: 1239.36 | M11: 14.65 | N11: =M11+E11*2 | O11: =MIN(1.25,J11+15%) | P11: =J11 | Q11: =MIN(1.25,O11*P11/90%)
A12: 7 | B12: Daudi Khafani Mrisho | C12: PAINTER | D12: TN0028 | E12: 23 | F12: =E12*8 | G12: 0 | H12: =F12+G12 | I12: 146.61 | J12: =IFERROR(I12/H12,0) | K12: =MAX(0,1-J12) | L12: 12274.01 | M12: 146.61 | N12: =M12+E12*2 | O12: =MIN(1.25,J12+15%) | P12: =J12 | Q12: =MIN(1.25,O12*P12/90%)
A13: 8 | B13: Aboo Khan Babu Khan | C13: PAINTER | D13: TN0041 | E13: 25 | F13: =E13*8 | G13: 0 | H13: =F13+G13 | I13: 157.4 | J13: =IFERROR(I13/H13,0) | K13: =MAX(0,1-J13) | L13: 13581.59 | M13: 157.4 | N13: =M13+E13*2 | O13: =MIN(1.25,J13+15%) | P13: =J13 | Q13: =MIN(1.25,O13*P13/90%)
A14: 9 | B14: AFZAL ALI | C14: DENTER | D14: TN0046 | E14: 23 | F14: =E14*8 | G14: 0 | H14: =F14+G14 | I14: 138.74 | J14: =IFERROR(I14/H14,0) | K14: =MAX(0,1-J14) | L14: 11595.48 | M14: 138.74 | N14: =M14+E14*2 | O14: =MIN(1.25,J14+15%) | P14: =J14 | Q14: =MIN(1.25,O14*P14/90%)
A15: 10 | B15: ALEX LAL | C15: DENTER | D15: TN0047 | E15: 23 | F15: =E15*8 | G15: 0 | H15: =F15+G15 | I15: 149.46 | J15: =IFERROR(I15/H15,0) | K15: =MAX(0,1-J15) | L15: 12767.85 | M15: 149.46 | N15: =M15+E15*2 | O15: =MIN(1.25,J15+15%) | P15: =J15 | Q15: =MIN(1.25,O15*P15/90%)
A16: 11 | B16: MOHAMMAD ALMAGIR | C16: MECHANIC | D16: TN0055 | E16: 12 | F16: =E16*8 | G16: 2 | H16: =F16+G16 | I16: 38.27 | J16: =IFERROR(I16/H16,0) | K16: =MAX(0,1-J16) | L16: 3213.13 | M16: 38.27 | N16: =M16+E16*2 | O16: =MIN(1.25,J16+15%) | P16: =J16 | Q16: =MIN(1.25,O16*P16/90%)
A17: 12 | B17: ADESH BARUA | C17: ELECTRICIAN | D17: TN0064 | E17: 24 | F17: =E17*8 | G17: 4 | H17: =F17+G17 | I17: 151.28 | J17: =IFERROR(I17/H17,0) | K17: =MAX(0,1-J17) | L17: 12849.19 | M17: 151.28 | N17: =M17+E17*2 | O17: =MIN(1.25,J17+15%) | P17: =J17 | Q17: =MIN(1.25,O17*P17/90%)
... A88: 83 | B88: Emmanuel Koranteng | C88: ELECTRICIAN | D88: TN0285 | E88: 23 | F88: =E88*8 | G88: 0 | H88: =F88+G88 | I88: 120.3 | J88: =IFERROR(I88/H88,0) | K88: =MAX(0,1-J88) | L88: 10266.63 | M88: 120.3 | N88: =M88+E88*2 | O88: =MIN(1.25,J88+15%) | P88: =J88 | Q88: =MIN(1.25,O88*P88/90%)
B90: TOTAL / AVG | E90: =SUM(E6:E88) | F90: =SUM(F6:F88) | G90: =SUM(G6:G88) | H90: =SUM(H6:H88) | I90: =SUM(I6:I88) | J90: =AVERAGE(J6:J88) | K90: =AVERAGE(K6:K88) | L90: =SUM(L6:L88) | M90: =SUM(M6:M88) | N90: =SUM(N6:N88) | O90: =AVERAGE(O6:O88) | P90: =AVERAGE(P6:P88) | Q90: =AVERAGE(Q6:Q88)

Sheet Mar-2026
A1: Pioneer Car Service Center | I1: Technicians KPI's Report | N1: Period: | O1: Mar-2026
A2: Data status: | B2: SIMULATED / ESTIMATED - realistic values based on Jul-2026 baseline
A5: S.No | B5: Technician | C5: Designation | D5: Tech ID | E5: Days Present | F5: Avail. Hrs | G5: OT | H5: Total Hrs | I5: Worked Hrs | J5: Prod HRS (%) | K5: Idle HRS (%) | L5: Billed Value (AED) | M5: Billed HRS | N5: Billed Hours | O5: U% | P5: P% | Q5: E%
A6: 1 | B6: GERVAS LEONARD | C6: DENTER | D6: TN0015 | E6: 26 | F6: =E6*8 | G6: 4 | H6: =F6+G6 | I6: 173.99 | J6: =IFERROR(I6/H6,0) | K6: =MAX(0,1-J6) | L6: 14546.72 | M6: 173.99 | N6: =M6+E6*2 | O6: =MIN(1.25,J6+15%) | P6: =J6 | Q6: =MIN(1.25,O6*P6/90%)
A7: 2 | B7: ATHUMANI HAMAD NGODA | C7: PAINTER | D7: TN0018 | E7: 27 | F7: =E7*8 | G7: 0 | H7: =F7+G7 | I7: 186.7 | J7: =IFERROR(I7/H7,0) | K7: =MAX(0,1-J7) | L7: 15622.3 | M7: 186.7 | N7: =M7+E7*2 | O7: =MIN(1.25,J7+15%) | P7: =J7 | Q7: =MIN(1.25,O7*P7/90%)
A8: 3 | B8: SAMIRULLAH Sheikh | C8: PAINTER | D8: TN0020 | E8: 24 | F8: =E8*8 | G8: 0 | H8: =F8+G8 | I8: 161.63 | J8: =IFERROR(I8/H8,0) | K8: =MAX(0,1-J8) | L8: 13844.16 | M8: 161.63 | N8: =M8+E8*2 | O8: =MIN(1.25,J8+15%) | P8: =J8 | Q8: =MIN(1.25,O8*P8/90%)
A9: 4 | B9: BRUNO STEPHANO MASASI | C9: MECHANIC | D9: TN0023 | E9: 27 | F9: =E9*8 | G9: 0 | H9: =F9+G9 | I9: 195.93 | J9: =IFERROR(I9/H9,0) | K9: =MAX(0,1-J9) | L9: 16466.61 | M9: 195.93 | N9: =M9+E9*2 | O9: =MIN(1.25,J9+15%) | P9: =J9 | Q9: =MIN(1.25,O9*P9/90%)
A10: 5 | B10: JUMANNE ABDUL | C10: PAINTER | D10: TN0025 | E10: 27 | F10: =E10*8 | G10: 0 | H10: =F10+G10 | I10: 174.86 | J10: =IFERROR(I10/H10,0) | K10: =MAX(0,1-J10) | L10: 14955.54 | M10: 174.86 | N10: =M10+E10*2 | O10: =MIN(1.25,J10+15%) | P10: =J10 | Q10: =MIN(1.25,O10*P10/90%)
A11: 6 | B11: Ally Bakali Kufikili | C11: PAINTER | D11: TN0027 | E11: 1 | F11: =E11*8 | G11: 4 | H11: =F11+G11 | I11: 10.56 | J11: =IFERROR(I11/H11,0) | K11: =MAX(0,1-J11) | L11: 891.67 | M11: 10.56 | N11: =M11+E11*2 | O11: =MIN(1.25,J11+15%) | P11: =J11 | Q11: =MIN(1.25,O11*P11/90%)
A12: 7 | B12: Daudi Khafani Mrisho | C12: PAINTER | D12: TN0028 | E12: 27 | F12: =E12*8 | G12: 2 | H12: =F12+G12 | I12: 177.91 | J12: =IFERROR(I12/H12,0) | K12: =MAX(0,1-J12) | L12: 14873.48 | M12: 177.91 | N12: =M12+E12*2 | O12: =MIN(1.25,J12+15%) | P12: =J12 | Q12: =MIN(1.25,O12*P12/90%)
A13: 8 | B13: Aboo Khan Babu Khan | C13: PAINTER | D13: TN0041 | E13: 25 | F13: =E13*8 | G13: 4 | H13: =F13+G13 | I13: 165.05 | J13: =IFERROR(I13/H13,0) | K13: =MAX(0,1-J13) | L13: 13789.79 | M13: 165.05 | N13: =M13+E13*2 | O13: =MIN(1.25,J13+15%) | P13: =J13 | Q13: =MIN(1.25,O13*P13/90%)
A14: 9 | B14: AFZAL ALI | C14: DENTER | D14: TN0046 | E14: 27 | F14: =E14*8 | G14: 0 | H14: =F14+G14 | I14: 168.28 | J14: =IFERROR(I14/H14,0) | K14: =MAX(0,1-J14) | L14: 14494.84 | M14: 168.28 | N14: =M14+E14*2 | O14: =MIN(1.25,J14+15%) | P14: =J14 | Q14: =MIN(1.25,O14*P14/90%)
A15: 10 | B15: ALEX LAL | C15: DENTER | D15: TN0047 | E15: 24 | F15: =E15*8 | G15: 0 | H15: =F15+G15 | I15: 154.99 | J15: =IFERROR(I15/H15,0) | K15: =MAX(0,1-J15) | L15: 13202.01 | M15: 154.99 | N15: =M15+E15*2 | O15: =MIN(1.25,J15+15%) | P15: =J15 | Q15: =MIN(1.25,O15*P15/90%)
A16: 11 | B16: MOHAMMAD ALMAGIR | C16: MECHANIC | D16: TN0055 | E16: 12 | F16: =E16*8 | G16: 0 | H16: =F16+G16 | I16: 37.74 | J16: =IFERROR(I16/H16,0) | K16: =MAX(0,1-J16) | L16: 3233.73 | M16: 37.74 | N16: =M16+E16*2 | O16: =MIN(1.25,J16+15%) | P16: =J16 | Q16: =MIN(1.25,O16*P16/90%)
A17: 12 | B17: ADESH BARUA | C17: ELECTRICIAN | D17: TN0064 | E17: 26 | F17: =E17*8 | G17: 4 | H17: =F17+G17 | I17: 174.64 | J17: =IFERROR(I17/H17,0) | K17: =MAX(0,1-J17) | L17: 14630.77 | M17: 174.64 | N17: =M17+E17*2 | O17: =MIN(1.25,J17+15%) | P17: =J17 | Q17: =MIN(1.25,O17*P17/90%)
... A88: 83 | B88: Emmanuel Koranteng | C88: ELECTRICIAN | D88: TN0285 | E88: 22 | F88: =E88*8 | G88: 0 | H88: =F88+G88 | I88: 118.37 | J88: =IFERROR(I88/H88,0) | K88: =MAX(0,1-J88) | L88: 10060.01 | M88: 118.37 | N88: =M88+E88*2 | O88: =MIN(1.25,J88+15%) | P88: =J88 | Q88: =MIN(1.25,O88*P88/90%)
B90: TOTAL / AVG | E90: =SUM(E6:E88) | F90: =SUM(F6:F88) | G90: =SUM(G6:G88) | H90: =SUM(H6:H88) | I90: =SUM(I6:I88) | J90: =AVERAGE(J6:J88) | K90: =AVERAGE(K6:K88) | L90: =SUM(L6:L88) | M90: =SUM(M6:M88) | N90: =SUM(N6:N88) | O90: =AVERAGE(O6:O88) | P90: =AVERAGE(P6:P88) | Q90: =AVERAGE(Q6:Q88)

Sheet Apr-2026
A1: Pioneer Car Service Center | I1: Technicians KPI's Report | N1: Period: | O1: Apr-2026
A2: Data status: | B2: SIMULATED / ESTIMATED - realistic values based on Jul-2026 baseline
A5: S.No | B5: Technician | C5: Designation | D5: Tech ID | E5: Days Present | F5: Avail. Hrs | G5: OT | H5: Total Hrs | I5: Worked Hrs | J5: Prod HRS (%) | K5: Idle HRS (%) | L5: Billed Value (AED) | M5: Billed HRS | N5: Billed Hours | O5: U% | P5: P% | Q5: E%
A6: 1 | B6: GERVAS LEONARD | C6: DENTER | D6: TN0015 | E6: 26 | F6: =E6*8 | G6: 2 | H6: =F6+G6 | I6: 172.08 | J6: =IFERROR(I6/H6,0) | K6: =MAX(0,1-J6) | L6: 14306.1 | M6: 172.08 | N6: =M6+E6*2 | O6: =MIN(1.25,J6+15%) | P6: =J6 | Q6: =MIN(1.25,O6*P6/90%)
A7: 2 | B7: ATHUMANI HAMAD NGODA | C7: PAINTER | D7: TN0018 | E7: 24 | F7: =E7*8 | G7: 2 | H7: =F7+G7 | I7: 163.64 | J7: =IFERROR(I7/H7,0) | K7: =MAX(0,1-J7) | L7: 13810.93 | M7: 163.64 | N7: =M7+E7*2 | O7: =MIN(1.25,J7+15%) | P7: =J7 | Q7: =MIN(1.25,O7*P7/90%)
A8: 3 | B8: SAMIRULLAH Sheikh | C8: PAINTER | D8: TN0020 | E8: 24 | F8: =E8*8 | G8: 2 | H8: =F8+G8 | I8: 167.42 | J8: =IFERROR(I8/H8,0) | K8: =MAX(0,1-J8) | L8: 14016.6 | M8: 167.42 | N8: =M8+E8*2 | O8: =MIN(1.25,J8+15%) | P8: =J8 | Q8: =MIN(1.25,O8*P8/90%)
A9: 4 | B9: BRUNO STEPHANO MASASI | C9: MECHANIC | D9: TN0023 | E9: 26 | F9: =E9*8 | G9: 0 | H9: =F9+G9 | I9: 186.84 | J9: =IFERROR(I9/H9,0) | K9: =MAX(0,1-J9) | L9: 15649.84 | M9: 186.84 | N9: =M9+E9*2 | O9: =MIN(1.25,J9+15%) | P9: =J9 | Q9: =MIN(1.25,O9*P9/90%)
A10: 5 | B10: JUMANNE ABDUL | C10: PAINTER | D10: TN0025 | E10: 25 | F10: =E10*8 | G10: 0 | H10: =F10+G10 | I10: 163.24 | J10: =IFERROR(I10/H10,0) | K10: =MAX(0,1-J10) | L10: 13667.36 | M10: 163.24 | N10: =M10+E10*2 | O10: =MIN(1.25,J10+15%) | P10: =J10 | Q10: =MIN(1.25,O10*P10/90%)
A11: 6 | B11: Ally Bakali Kufikili | C11: PAINTER | D11: TN0027 | E11: 2 | F11: =E11*8 | G11: 0 | H11: =F11+G11 | I11: 14.2 | J11: =IFERROR(I11/H11,0) | K11: =MAX(0,1-J11) | L11: 1177.49 | M11: 14.2 | N11: =M11+E11*2 | O11: =MIN(1.25,J11+15%) | P11: =J11 | Q11: =MIN(1.25,O11*P11/90%)
A12: 7 | B12: Daudi Khafani Mrisho | C12: PAINTER | D12: TN0028 | E12: 26 | F12: =E12*8 | G12: 0 | H12: =F12+G12 | I12: 162.12 | J12: =IFERROR(I12/H12,0) | K12: =MAX(0,1-J12) | L12: 13947.94 | M12: 162.12 | N12: =M12+E12*2 | O12: =MIN(1.25,J12+15%) | P12: =J12 | Q12: =MIN(1.25,O12*P12/90%)
A13: 8 | B13: Aboo Khan Babu Khan | C13: PAINTER | D13: TN0041 | E13: 26 | F13: =E13*8 | G13: 2 | H13: =F13+G13 | I13: 159.75 | J13: =IFERROR(I13/H13,0) | K13: =MAX(0,1-J13) | L13: 13911.27 | M13: 159.75 | N13: =M13+E13*2 | O13: =MIN(1.25,J13+15%) | P13: =J13 | Q13: =MIN(1.25,O13*P13/90%)
A14: 9 | B14: AFZAL ALI | C14: DENTER | D14: TN0046 | E14: 26 | F14: =E14*8 | G14: 4 | H14: =F14+G14 | I14: 172.07 | J14: =IFERROR(I14/H14,0) | K14: =MAX(0,1-J14) | L14: 14648.17 | M14: 172.07 | N14: =M14+E14*2 | O14: =MIN(1.25,J14+15%) | P14: =J14 | Q14: =MIN(1.25,O14*P14/90%)
A15: 10 | B15: ALEX LAL | C15: DENTER | D15: TN0047 | E15: 25 | F15: =E15*8 | G15: 2 | H15: =F15+G15 | I15: 165.38 | J15: =IFERROR(I15/H15,0) | K15: =MAX(0,1-J15) | L15: 14053.32 | M15: 165.38 | N15: =M15+E15*2 | O15: =MIN(1.25,J15+15%) | P15: =J15 | Q15: =MIN(1.25,O15*P15/90%)
A16: 11 | B16: MOHAMMAD ALMAGIR | C16: MECHANIC | D16: TN0055 | E16: 12 | F16: =E16*8 | G16: 0 | H16: =F16+G16 | I16: 41.03 | J16: =IFERROR(I16/H16,0) | K16: =MAX(0,1-J16) | L16: 3487.64 | M16: 41.03 | N16: =M16+E16*2 | O16: =MIN(1.25,J16+15%) | P16: =J16 | Q16: =MIN(1.25,O16*P16/90%)
A17: 12 | B17: ADESH BARUA | C17: ELECTRICIAN | D17: TN0064 | E17: 26 | F17: =E17*8 | G17: 2 | H17: =F17+G17 | I17: 166.95 | J17: =IFERROR(I17/H17,0) | K17: =MAX(0,1-J17) | L17: 14520.45 | M17: 166.95 | N17: =M17+E17*2 | O17: =MIN(1.25,J17+15%) | P17: =J17 | Q17: =MIN(1.25,O17*P17/90%)
... A88: 83 | B88: Emmanuel Koranteng | C88: ELECTRICIAN | D88: TN0285 | E88: 25 | F88: =E88*8 | G88: 0 | H88: =F88+G88 | I88: 133.72 | J88: =IFERROR(I88/H88,0) | K88: =MAX(0,1-J88) | L88: 11179.03 | M88: 133.72 | N88: =M88+E88*2 | O88: =MIN(1.25,J88+15%) | P88: =J88 | Q88: =MIN(1.25,O88*P88/90%)
B90: TOTAL / AVG | E90: =SUM(E6:E88) | F90: =SUM(F6:F88) | G90: =SUM(G6:G88) | H90: =SUM(H6:H88) | I90: =SUM(I6:I88) | J90: =AVERAGE(J6:J88) | K90: =AVERAGE(K6:K88) | L90: =SUM(L6:L88) | M90: =SUM(M6:M88) | N90: =SUM(N6:N88) | O90: =AVERAGE(O6:O88) | P90: =AVERAGE(P6:P88) | Q90: =AVERAGE(Q6:Q88)

Sheet May-2026
A1: Pioneer Car Service Center | I1: Technicians KPI's Report | N1: Period: | O1: May-2026
A2: Data status: | B2: SIMULATED / ESTIMATED - realistic values based on Jul-2026 baseline
A5: S.No | B5: Technician | C5: Designation | D5: Tech ID | E5: Days Present | F5: Avail. Hrs | G5: OT | H5: Total Hrs | I5: Worked Hrs | J5: Prod HRS (%) | K5: Idle HRS (%) | L5: Billed Value (AED) | M5: Billed HRS | N5: Billed Hours | O5: U% | P5: P% | Q5: E%
A6: 1 | B6: GERVAS LEONARD | C6: DENTER | D6: TN0015 | E6: 25 | F6: =E6*8 | G6: 0 | H6: =F6+G6 | I6: 160.67 | J6: =IFERROR(I6/H6,0) | K6: =MAX(0,1-J6) | L6: 13478.37 | M6: 160.67 | N6: =M6+E6*2 | O6: =MIN(1.25,J6+15%) | P6: =J6 | Q6: =MIN(1.25,O6*P6/90%)
A7: 2 | B7: ATHUMANI HAMAD NGODA | C7: PAINTER | D7: TN0018 | E7: 26 | F7: =E7*8 | G7: 0 | H7: =F7+G7 | I7: 177.1 | J7: =IFERROR(I7/H7,0) | K7: =MAX(0,1-J7) | L7: 15258.06 | M7: 177.1 | N7: =M7+E7*2 | O7: =MIN(1.25,J7+15%) | P7: =J7 | Q7: =MIN(1.25,O7*P7/90%)
A8: 3 | B8: SAMIRULLAH Sheikh | C8: PAINTER | D8: TN0020 | E8: 26 | F8: =E8*8 | G8: 0 | H8: =F8+G8 | I8: 183.19 | J8: =IFERROR(I8/H8,0) | K8: =MAX(0,1-J8) | L8: 15357.74 | M8: 183.19 | N8: =M8+E8*2 | O8: =MIN(1.25,J8+15%) | P8: =J8 | Q8: =MIN(1.25,O8*P8/90%)
A9: 4 | B9: BRUNO STEPHANO MASASI | C9: MECHANIC | D9: TN0023 | E9: 27 | F9: =E9*8 | G9: 0 | H9: =F9+G9 | I9: 195.6 | J9: =IFERROR(I9/H9,0) | K9: =MAX(0,1-J9) | L9: 16555.01 | M9: 195.6 | N9: =M9+E9*2 | O9: =MIN(1.25,J9+15%) | P9: =J9 | Q9: =MIN(1.25,O9*P9/90%)
A10: 5 | B10: JUMANNE ABDUL | C10: PAINTER | D10: TN0025 | E10: 27 | F10: =E10*8 | G10: 0 | H10: =F10+G10 | I10: 180.76 | J10: =IFERROR(I10/H10,0) | K10: =MAX(0,1-J10) | L10: 15613.86 | M10: 180.76 | N10: =M10+E10*2 | O10: =MIN(1.25,J10+15%) | P10: =J10 | Q10: =MIN(1.25,O10*P10/90%)
A11: 6 | B11: Ally Bakali Kufikili | C11: PAINTER | D11: TN0027 | E11: 1 | F11: =E11*8 | G11: 0 | H11: =F11+G11 | I11: 6.98 | J11: =IFERROR(I11/H11,0) | K11: =MAX(0,1-J11) | L11: 603.35 | M11: 6.98 | N11: =M11+E11*2 | O11: =MIN(1.25,J11+15%) | P11: =J11 | Q11: =MIN(1.25,O11*P11/90%)
A12: 7 | B12: Daudi Khafani Mrisho | C12: PAINTER | D12: TN0028 | E12: 27 | F12: =E12*8 | G12: 0 | H12: =F12+G12 | I12: 170.49 | J12: =IFERROR(I12/H12,0) | K12: =MAX(0,1-J12) | L12: 14497.88 | M12: 170.49 | N12: =M12+E12*2 | O12: =MIN(1.25,J12+15%) | P12: =J12 | Q12: =MIN(1.25,O12*P12/90%)
A13: 8 | B13: Aboo Khan Babu Khan | C13: PAINTER | D13: TN0041 | E13: 25 | F13: =E13*8 | G13: 0 | H13: =F13+G13 | I13: 163.56 | J13: =IFERROR(I13/H13,0) | K13: =MAX(0,1-J13) | L13: 13797.3 | M13: 163.56 | N13: =M13+E13*2 | O13: =MIN(1.25,J13+15%) | P13: =J13 | Q13: =MIN(1.25,O13*P13/90%)
A14: 9 | B14: AFZAL ALI | C14: DENTER | D14: TN0046 | E14: 27 | F14: =E14*8 | G14: 0 | H14: =F14+G14 | I14: 171.12 | J14: =IFERROR(I14/H14,0) | K14: =MAX(0,1-J14) | L14: 14408.96 | M14: 171.12 | N14: =M14+E14*2 | O14: =MIN(1.25,J14+15%) | P14: =J14 | Q14: =MIN(1.25,O14*P14/90%)
A15: 10 | B15: ALEX LAL | C15: DENTER | D15: TN0047 | E15: 27 | F15: =E15*8 | G15: 0 | H15: =F15+G15 | I15: 175.95 | J15: =IFERROR(I15/H15,0) | K15: =MAX(0,1-J15) | L15: 14946.47 | M15: 175.95 | N15: =M15+E15*2 | O15: =MIN(1.25,J15+15%) | P15: =J15 | Q15: =MIN(1.25,O15*P15/90%)
A16: 11 | B16: MOHAMMAD ALMAGIR | C16: MECHANIC | D16: TN0055 | E16: 11 | F16: =E16*8 | G16: 4 | H16: =F16+G16 | I16: 38.84 | J16: =IFERROR(I16/H16,0) | K16: =MAX(0,1-J16) | L16: 3312.62 | M16: 38.84 | N16: =M16+E16*2 | O16: =MIN(1.25,J16+15%) | P16: =J16 | Q16: =MIN(1.25,O16*P16/90%)
A17: 12 | B17: ADESH BARUA | C17: ELECTRICIAN | D17: TN0064 | E17: 27 | F17: =E17*8 | G17: 1 | H17: =F17+G17 | I17: 173.42 | J17: =IFERROR(I17/H17,0) | K17: =MAX(0,1-J17) | L17: 14651.97 | M17: 173.42 | N17: =M17+E17*2 | O17: =MIN(1.25,J17+15%) | P17: =J17 | Q17: =MIN(1.25,O17*P17/90%)
... A88: 83 | B88: Emmanuel Koranteng | C88: ELECTRICIAN | D88: TN0285 | E88: 23 | F88: =E88*8 | G88: 0 | H88: =F88+G88 | I88: 130.44 | J88: =IFERROR(I88/H88,0) | K88: =MAX(0,1-J88) | L88: 11288.56 | M88: 130.44 | N88: =M88+E88*2 | O88: =MIN(1.25,J88+15%) | P88: =J88 | Q88: =MIN(1.25,O88*P88/90%)
B90: TOTAL / AVG | E90: =SUM(E6:E88) | F90: =SUM(F6:F88) | G90: =SUM(G6:G88) | H90: =SUM(H6:H88) | I90: =SUM(I6:I88) | J90: =AVERAGE(J6:J88) | K90: =AVERAGE(K6:K88) | L90: =SUM(L6:L88) | M90: =SUM(M6:M88) | N90: =SUM(N6:N88) | O90: =AVERAGE(O6:O88) | P90: =AVERAGE(P6:P88) | Q90: =AVERAGE(Q6:Q88)

Sheet Jun-2026
A1: Pioneer Car Service Center | I1: Technicians KPI's Report | N1: Period: | O1: Jun-2026
A2: Data status: | B2: SIMULATED / ESTIMATED - realistic values based on Jul-2026 baseline
A5: S.No | B5: Technician | C5: Designation | D5: Tech ID | E5: Days Present | F5: Avail. Hrs | G5: OT | H5: Total Hrs | I5: Worked Hrs | J5: Prod HRS (%) | K5: Idle HRS (%) | L5: Billed Value (AED) | M5: Billed HRS | N5: Billed Hours | O5: U% | P5: P% | Q5: E%
A6: 1 | B6: GERVAS LEONARD | C6: DENTER | D6: TN0015 | E6: 26 | F6: =E6*8 | G6: 1 | H6: =F6+G6 | I6: 180.33 | J6: =IFERROR(I6/H6,0) | K6: =MAX(0,1-J6) | L6: 15406.85 | M6: 180.33 | N6: =M6+E6*2 | O6: =MIN(1.25,J6+15%) | P6: =J6 | Q6: =MIN(1.25,O6*P6/90%)
A7: 2 | B7: ATHUMANI HAMAD NGODA | C7: PAINTER | D7: TN0018 | E7: 25 | F7: =E7*8 | G7: 0 | H7: =F7+G7 | I7: 167.69 | J7: =IFERROR(I7/H7,0) | K7: =MAX(0,1-J7) | L7: 14152.97 | M7: 167.69 | N7: =M7+E7*2 | O7: =MIN(1.25,J7+15%) | P7: =J7 | Q7: =MIN(1.25,O7*P7/90%)
A8: 3 | B8: SAMIRULLAH Sheikh | C8: PAINTER | D8: TN0020 | E8: 23 | F8: =E8*8 | G8: 0 | H8: =F8+G8 | I8: 167.67 | J8: =IFERROR(I8/H8,0) | K8: =MAX(0,1-J8) | L8: 14070.37 | M8: 167.67 | N8: =M8+E8*2 | O8: =MIN(1.25,J8+15%) | P8: =J8 | Q8: =MIN(1.25,O8*P8/90%)
A9: 4 | B9: BRUNO STEPHANO MASASI | C9: MECHANIC | D9: TN0023 | E9: 26 | F9: =E9*8 | G9: 0 | H9: =F9+G9 | I9: 198.14 | J9: =IFERROR(I9/H9,0) | K9: =MAX(0,1-J9) | L9: 17095.77 | M9: 198.14 | N9: =M9+E9*2 | O9: =MIN(1.25,J9+15%) | P9: =J9 | Q9: =MIN(1.25,O9*P9/90%)
A10: 5 | B10: JUMANNE ABDUL | C10: PAINTER | D10: TN0025 | E10: 26 | F10: =E10*8 | G10: 0 | H10: =F10+G10 | I10: 181.63 | J10: =IFERROR(I10/H10,0) | K10: =MAX(0,1-J10) | L10: 15134.34 | M10: 181.63 | N10: =M10+E10*2 | O10: =MIN(1.25,J10+15%) | P10: =J10 | Q10: =MIN(1.25,O10*P10/90%)
A11: 6 | B11: Ally Bakali Kufikili | C11: PAINTER | D11: TN0027 | E11: 1 | F11: =E11*8 | G11: 1 | H11: =F11+G11 | I11: 7.64 | J11: =IFERROR(I11/H11,0) | K11: =MAX(0,1-J11) | L11: 637.62 | M11: 7.64 | N11: =M11+E11*2 | O11: =MIN(1.25,J11+15%) | P11: =J11 | Q11: =MIN(1.25,O11*P11/90%)
A12: 7 | B12: Daudi Khafani Mrisho | C12: PAINTER | D12: TN0028 | E12: 26 | F12: =E12*8 | G12: 0 | H12: =F12+G12 | I12: 179.4 | J12: =IFERROR(I12/H12,0) | K12: =MAX(0,1-J12) | L12: 14876.68 | M12: 179.4 | N12: =M12+E12*2 | O12: =MIN(1.25,J12+15%) | P12: =J12 | Q12: =MIN(1.25,O12*P12/90%)
A13: 8 | B13: Aboo Khan Babu Khan | C13: PAINTER | D13: TN0041 | E13: 25 | F13: =E13*8 | G13: 0 | H13: =F13+G13 | I13: 159.44 | J13: =IFERROR(I13/H13,0) | K13: =MAX(0,1-J13) | L13: 13881.48 | M13: 159.44 | N13: =M13+E13*2 | O13: =MIN(1.25,J13+15%) | P13: =J13 | Q13: =MIN(1.25,O13*P13/90%)
A14: 9 | B14: AFZAL ALI | C14: DENTER | D14: TN0046 | E14: 25 | F14: =E14*8 | G14: 0 | H14: =F14+G14 | I14: 163.83 | J14: =IFERROR(I14/H14,0) | K14: =MAX(0,1-J14) | L14: 14042.17 | M14: 163.83 | N14: =M14+E14*2 | O14: =MIN(1.25,J14+15%) | P14: =J14 | Q14: =MIN(1.25,O14*P14/90%)
A15: 10 | B15: ALEX LAL | C15: DENTER | D15: TN0047 | E15: 26 | F15: =E15*8 | G15: 2 | H15: =F15+G15 | I15: 169.18 | J15: =IFERROR(I15/H15,0) | K15: =MAX(0,1-J15) | L15: 14042.01 | M15: 169.18 | N15: =M15+E15*2 | O15: =MIN(1.25,J15+15%) | P15: =J15 | Q15: =MIN(1.25,O15*P15/90%)
A16: 11 | B16: MOHAMMAD ALMAGIR | C16: MECHANIC | D16: TN0055 | E16: 14 | F16: =E16*8 | G16: 0 | H16: =F16+G16 | I16: 46.19 | J16: =IFERROR(I16/H16,0) | K16: =MAX(0,1-J16) | L16: 3883.31 | M16: 46.19 | N16: =M16+E16*2 | O16: =MIN(1.25,J16+15%) | P16: =J16 | Q16: =MIN(1.25,O16*P16/90%)
A17: 12 | B17: ADESH BARUA | C17: ELECTRICIAN | D17: TN0064 | E17: 24 | F17: =E17*8 | G17: 2 | H17: =F17+G17 | I17: 158.66 | J17: =IFERROR(I17/H17,0) | K17: =MAX(0,1-J17) | L17: 13204.04 | M17: 158.66 | N17: =M17+E17*2 | O17: =MIN(1.25,J17+15%) | P17: =J17 | Q17: =MIN(1.25,O17*P17/90%)
... A88: 83 | B88: Emmanuel Koranteng | C88: ELECTRICIAN | D88: TN0285 | E88: 22 | F88: =E88*8 | G88: 1 | H88: =F88+G88 | I88: 128.15 | J88: =IFERROR(I88/H88,0) | K88: =MAX(0,1-J88) | L88: 10675.28 | M88: 128.15 | N88: =M88+E88*2 | O88: =MIN(1.25,J88+15%) | P88: =J88 | Q88: =MIN(1.25,O88*P88/90%)
B90: TOTAL / AVG | E90: =SUM(E6:E88) | F90: =SUM(F6:F88) | G90: =SUM(G6:G88) | H90: =SUM(H6:H88) | I90: =SUM(I6:I88) | J90: =AVERAGE(J6:J88) | K90: =AVERAGE(K6:K88) | L90: =SUM(L6:L88) | M90: =SUM(M6:M88) | N90: =SUM(N6:N88) | O90: =AVERAGE(O6:O88) | P90: =AVERAGE(P6:P88) | Q90: =AVERAGE(Q6:Q88)

Sheet Jul-2026
A1: Pioneer Car Service Center | I1: Technicians KPI's Report | N1: Period: | O1: Jul-2026
A2: Data status: | B2: ACTUAL (transcribed from provided report)
A5: S.No | B5: Technician | C5: Designation | D5: Tech ID | E5: Days Present | F5: Avail. Hrs | G5: OT | H5: Total Hrs | I5: Worked Hrs | J5: Prod HRS (%) | K5: Idle HRS (%) | L5: Billed Value (AED) | M5: Billed HRS | N5: Billed Hours | O5: U% | P5: P% | Q5: E%
A6: 1 | B6: GERVAS LEONARD | C6: DENTER | D6: TN0015 | E6: 27 | F6: 216 | G6: 0 | H6: 216 | I6: 182.33 | J6: 0.84 | K6: 0.16 | L6: 15498.05 | M6: 182.33 | N6: 236.33 | O6: 0.99 | P6: 0.84 | Q6: 0.92
A7: 2 | B7: ATHUMANI HAMAD NGODA | C7: PAINTER | D7: TN0018 | E7: 26 | F7: 208 | G7: 0 | H7: 208 | I7: 179.83 | J7: 0.86 | K7: 0.14 | L7: 15285.55 | M7: 179.83 | N7: 231.83 | O7: 1.01 | P7: 0.86 | Q7: 0.96
A8: 3 | B8: SAMIRULLAH Sheikh | C8: PAINTER | D8: TN0020 | E8: 26 | F8: 208 | G8: 0 | H8: 208 | I8: 182.25 | J8: 0.88 | K8: 0.12 | L8: 15491.25 | M8: 182.25 | N8: 234.25 | O8: 1.03 | P8: 0.88 | Q8: 0.99
A9: 4 | B9: BRUNO STEPHANO MASASI | C9: MECHANIC | D9: TN0023 | E9: 28 | F9: 224 | G9: 0 | H9: 224 | I9: 206.6 | J9: 0.92 | K9: 0.08 | L9: 17561 | M9: 206.6 | N9: 262.6 | O9: 1.07 | P9: 0.92 | Q9: 1.08
A10: 5 | B10: JUMANNE ABDUL | C10: PAINTER | D10: TN0025 | E10: 27 | F10: 216 | G10: 0 | H10: 216 | I10: 185.92 | J10: 0.86 | K10: 0.14 | L10: 15803.2 | M10: 185.92 | N10: 239.92 | O10: 1.01 | P10: 0.86 | Q10: 0.96
A11: 6 | B11: Ally Bakali Kufikili | C11: PAINTER | D11: TN0027 | E11: 1 | F11: 8 | G11: 0 | H11: 8 | I11: 7 | J11: 0.88 | K11: 0.13 | L11: 595 | M11: 7 | N11: 9 | O11: 1.03 | P11: 0.88 | Q11: 0.98
A12: 7 | B12: Daudi Khafani Mrisho | C12: PAINTER | D12: TN0028 | E12: 27 | F12: 216 | G12: 0 | H12: 216 | I12: 179.08 | J12: 0.83 | K12: 0.17 | L12: 15221.8 | M12: 179.08 | N12: 233.08 | O12: 0.98 | P12: 0.83 | Q12: 0.89
A13: 8 | B13: Aboo Khan Babu Khan | C13: PAINTER | D13: TN0041 | E13: 25 | F13: 200 | G13: 0 | H13: 200 | I13: 161.08 | J13: 0.81 | K13: 0.19 | L13: 13691.8 | M13: 161.08 | N13: 211.08 | O13: 0.96 | P13: 0.81 | Q13: 0.85
A14: 9 | B14: AFZAL ALI | C14: DENTER | D14: TN0046 | E14: 27 | F14: 216 | G14: 0 | H14: 216 | I14: 172.92 | J14: 0.8 | K14: 0.2 | L14: 14698.2 | M14: 172.92 | N14: 226.92 | O14: 0.95 | P14: 0.8 | Q14: 0.84
A15: 10 | B15: ALEX LAL | C15: DENTER | D15: TN0047 | E15: 26 | F15: 208 | G15: 0 | H15: 208 | I15: 175.3 | J15: 0.84 | K15: 0.16 | L15: 14900.5 | M15: 175.3 | N15: 227.3 | O15: 0.99 | P15: 0.84 | Q15: 0.92
A16: 11 | B16: MOHAMMAD ALMAGIR | C16: MECHANIC | D16: TN0055 | E16: 12 | F16: 96 | G16: 0 | H16: 96 | I16: 39.33 | J16: 0.41 | K16: 0.59 | L16: 3343.05 | M16: 39.33 | N16: 63.33 | O16: 0.56 | P16: 0.41 | Q16: 0.27
A17: 12 | B17: ADESH BARUA | C17: ELECTRICIAN | D17: TN0064 | E17: 27 | F17: 216 | G17: 0 | H17: 216 | I17: 176.25 | J17: 0.82 | K17: 0.18 | L17: 14981.25 | M17: 176.25 | N17: 230.25 | O17: 0.97 | P17: 0.82 | Q17: 0.87
... A88: 83 | B88: Emmanuel Koranteng | C88: ELECTRICIAN | D88: TN0285 | E88: 24 | F88: 192 | G88: 0 | H88: 192 | I88: 132.72 | J88: 0.69 | K88: 0.31 | L88: 11281.2 | M88: 132.72 | N88: 180.72 | O88: 0.84 | P88: 0.69 | Q88: 0.65
B90: TOTAL / AVG | E90: =SUM(E6:E88) | F90: =SUM(F6:F88) | G90: =SUM(G6:G88) | H90: =SUM(H6:H88) | I90: =SUM(I6:I88) | J90: =AVERAGE(J6:J88) | K90: =AVERAGE(K6:K88) | L90: =SUM(L6:L88) | M90: =SUM(M6:M88) | N90: =SUM(N6:N88) | O90: =AVERAGE(O6:O88) | P90: =AVERAGE(P6:P88) | Q90: =AVERAGE(Q6:Q88)

Sheet Aug-2026
A1: Pioneer Car Service Center | I1: Technicians KPI's Report | N1: Period: | O1: Aug-2026
A2: Data status: | B2: SIMULATED / ESTIMATED - realistic values based on Jul-2026 baseline
A5: S.No | B5: Technician | C5: Designation | D5: Tech ID | E5: Days Present | F5: Avail. Hrs | G5: OT | H5: Total Hrs | I5: Worked Hrs | J5: Prod HRS (%) | K5: Idle HRS (%) | L5: Billed Value (AED) | M5: Billed HRS | N5: Billed Hours | O5: U% | P5: P% | Q5: E%
A6: 1 | B6: GERVAS LEONARD | C6: DENTER | D6: TN0015 | E6: 27 | F6: =E6*8 | G6: 0 | H6: =F6+G6 | I6: 177.25 | J6: =IFERROR(I6/H6,0) | K6: =MAX(0,1-J6) | L6: 14975.18 | M6: 177.25 | N6: =M6+E6*2 | O6: =MIN(1.25,J6+15%) | P6: =J6 | Q6: =MIN(1.25,O6*P6/90%)
A7: 2 | B7: ATHUMANI HAMAD NGODA | C7: PAINTER | D7: TN0018 | E7: 26 | F7: =E7*8 | G7: 2 | H7: =F7+G7 | I7: 188.66 | J7: =IFERROR(I7/H7,0) | K7: =MAX(0,1-J7) | L7: 15818.5 | M7: 188.66 | N7: =M7+E7*2 | O7: =MIN(1.25,J7+15%) | P7: =J7 | Q7: =MIN(1.25,O7*P7/90%)
A8: 3 | B8: SAMIRULLAH Sheikh | C8: PAINTER | D8: TN0020 | E8: 26 | F8: =E8*8 | G8: 1 | H8: =F8+G8 | I8: 190.24 | J8: =IFERROR(I8/H8,0) | K8: =MAX(0,1-J8) | L8: 15903.66 | M8: 190.24 | N8: =M8+E8*2 | O8: =MIN(1.25,J8+15%) | P8: =J8 | Q8: =MIN(1.25,O8*P8/90%)
A9: 4 | B9: BRUNO STEPHANO MASASI | C9: MECHANIC | D9: TN0023 | E9: 27 | F9: =E9*8 | G9: 1 | H9: =F9+G9 | I9: 207.13 | J9: =IFERROR(I9/H9,0) | K9: =MAX(0,1-J9) | L9: 17765.62 | M9: 207.13 | N9: =M9+E9*2 | O9: =MIN(1.25,J9+15%) | P9: =J9 | Q9: =MIN(1.25,O9*P9/90%)
A10: 5 | B10: JUMANNE ABDUL | C10: PAINTER | D10: TN0025 | E10: 27 | F10: =E10*8 | G10: 0 | H10: =F10+G10 | I10: 182.63 | J10: =IFERROR(I10/H10,0) | K10: =MAX(0,1-J10) | L10: 15787.56 | M10: 182.63 | N10: =M10+E10*2 | O10: =MIN(1.25,J10+15%) | P10: =J10 | Q10: =MIN(1.25,O10*P10/90%)
A11: 6 | B11: Ally Bakali Kufikili | C11: PAINTER | D11: TN0027 | E11: 2 | F11: =E11*8 | G11: 0 | H11: =F11+G11 | I11: 14.69 | J11: =IFERROR(I11/H11,0) | K11: =MAX(0,1-J11) | L11: 1244.08 | M11: 14.69 | N11: =M11+E11*2 | O11: =MIN(1.25,J11+15%) | P11: =J11 | Q11: =MIN(1.25,O11*P11/90%)
A12: 7 | B12: Daudi Khafani Mrisho | C12: PAINTER | D12: TN0028 | E12: 26 | F12: =E12*8 | G12: 2 | H12: =F12+G12 | I12: 177.06 | J12: =IFERROR(I12/H12,0) | K12: =MAX(0,1-J12) | L12: 14688.67 | M12: 177.06 | N12: =M12+E12*2 | O12: =MIN(1.25,J12+15%) | P12: =J12 | Q12: =MIN(1.25,O12*P12/90%)
A13: 8 | B13: Aboo Khan Babu Khan | C13: PAINTER | D13: TN0041 | E13: 25 | F13: =E13*8 | G13: 0 | H13: =F13+G13 | I13: 161.19 | J13: =IFERROR(I13/H13,0) | K13: =MAX(0,1-J13) | L13: 13767.67 | M13: 161.19 | N13: =M13+E13*2 | O13: =MIN(1.25,J13+15%) | P13: =J13 | Q13: =MIN(1.25,O13*P13/90%)
A14: 9 | B14: AFZAL ALI | C14: DENTER | D14: TN0046 | E14: 25 | F14: =E14*8 | G14: 4 | H14: =F14+G14 | I14: 162.41 | J14: =IFERROR(I14/H14,0) | K14: =MAX(0,1-J14) | L14: 13913.34 | M14: 162.41 | N14: =M14+E14*2 | O14: =MIN(1.25,J14+15%) | P14: =J14 | Q14: =MIN(1.25,O14*P14/90%)
A15: 10 | B15: ALEX LAL | C15: DENTER | D15: TN0047 | E15: 26 | F15: =E15*8 | G15: 1 | H15: =F15+G15 | I15: 182.61 | J15: =IFERROR(I15/H15,0) | K15: =MAX(0,1-J15) | L15: 15164.37 | M15: 182.61 | N15: =M15+E15*2 | O15: =MIN(1.25,J15+15%) | P15: =J15 | Q15: =MIN(1.25,O15*P15/90%)
A16: 11 | B16: MOHAMMAD ALMAGIR | C16: MECHANIC | D16: TN0055 | E16: 12 | F16: =E16*8 | G16: 0 | H16: =F16+G16 | I16: 36.81 | J16: =IFERROR(I16/H16,0) | K16: =MAX(0,1-J16) | L16: 3083.24 | M16: 36.81 | N16: =M16+E16*2 | O16: =MIN(1.25,J16+15%) | P16: =J16 | Q16: =MIN(1.25,O16*P16/90%)
A17: 12 | B17: ADESH BARUA | C17: ELECTRICIAN | D17: TN0064 | E17: 27 | F17: =E17*8 | G17: 2 | H17: =F17+G17 | I17: 181.85 | J17: =IFERROR(I17/H17,0) | K17: =MAX(0,1-J17) | L17: 15216.95 | M17: 181.85 | N17: =M17+E17*2 | O17: =MIN(1.25,J17+15%) | P17: =J17 | Q17: =MIN(1.25,O17*P17/90%)
... A88: 83 | B88: Emmanuel Koranteng | C88: ELECTRICIAN | D88: TN0285 | E88: 24 | F88: =E88*8 | G88: 0 | H88: =F88+G88 | I88: 132.49 | J88: =IFERROR(I88/H88,0) | K88: =MAX(0,1-J88) | L88: 11018.83 | M88: 132.49 | N88: =M88+E88*2 | O88: =MIN(1.25,J88+15%) | P88: =J88 | Q88: =MIN(1.25,O88*P88/90%)
B90: TOTAL / AVG | E90: =SUM(E6:E88) | F90: =SUM(F6:F88) | G90: =SUM(G6:G88) | H90: =SUM(H6:H88) | I90: =SUM(I6:I88) | J90: =AVERAGE(J6:J88) | K90: =AVERAGE(K6:K88) | L90: =SUM(L6:L88) | M90: =SUM(M6:M88) | N90: =SUM(N6:N88) | O90: =AVERAGE(O6:O88) | P90: =AVERAGE(P6:P88) | Q90: =AVERAGE(Q6:Q88)

Sheet Sep-2026 MTD
A1: Pioneer Car Service Center | I1: Technicians KPI's Report | N1: Period: | O1: Sep-2026 MTD
A2: Data status: | B2: SIMULATED / ESTIMATED - realistic values based on Jul-2026 baseline
A5: S.No | B5: Technician | C5: Designation | D5: Tech ID | E5: Days Present | F5: Avail. Hrs | G5: OT | H5: Total Hrs | I5: Worked Hrs | J5: Prod HRS (%) | K5: Idle HRS (%) | L5: Billed Value (AED) | M5: Billed HRS | N5: Billed Hours | O5: U% | P5: P% | Q5: E%
A6: 1 | B6: GERVAS LEONARD | C6: DENTER | D6: TN0015 | E6: 7 | F6: =E6*8 | G6: 1 | H6: =F6+G6 | I6: 47.49 | J6: =IFERROR(I6/H6,0) | K6: =MAX(0,1-J6) | L6: 4111.88 | M6: 47.49 | N6: =M6+E6*2 | O6: =MIN(1.25,J6+15%) | P6: =J6 | Q6: =MIN(1.25,O6*P6/90%)
A7: 2 | B7: ATHUMANI HAMAD NGODA | C7: PAINTER | D7: TN0018 | E7: 7 | F7: =E7*8 | G7: 4 | H7: =F7+G7 | I7: 51.78 | J7: =IFERROR(I7/H7,0) | K7: =MAX(0,1-J7) | L7: 4433.27 | M7: 51.78 | N7: =M7+E7*2 | O7: =MIN(1.25,J7+15%) | P7: =J7 | Q7: =MIN(1.25,O7*P7/90%)
A8: 3 | B8: SAMIRULLAH Sheikh | C8: PAINTER | D8: TN0020 | E8: 7 | F8: =E8*8 | G8: 1 | H8: =F8+G8 | I8: 49.83 | J8: =IFERROR(I8/H8,0) | K8: =MAX(0,1-J8) | L8: 4295.57 | M8: 49.83 | N8: =M8+E8*2 | O8: =MIN(1.25,J8+15%) | P8: =J8 | Q8: =MIN(1.25,O8*P8/90%)
A9: 4 | B9: BRUNO STEPHANO MASASI | C9: MECHANIC | D9: TN0023 | E9: 7 | F9: =E9*8 | G9: 0 | H9: =F9+G9 | I9: 50.12 | J9: =IFERROR(I9/H9,0) | K9: =MAX(0,1-J9) | L9: 4175.68 | M9: 50.12 | N9: =M9+E9*2 | O9: =MIN(1.25,J9+15%) | P9: =J9 | Q9: =MIN(1.25,O9*P9/90%)
A10: 5 | B10: JUMANNE ABDUL | C10: PAINTER | D10: TN0025 | E10: 7 | F10: =E10*8 | G10: 4 | H10: =F10+G10 | I10: 53.23 | J10: =IFERROR(I10/H10,0) | K10: =MAX(0,1-J10) | L10: 4453.98 | M10: 53.23 | N10: =M10+E10*2 | O10: =MIN(1.25,J10+15%) | P10: =J10 | Q10: =MIN(1.25,O10*P10/90%)
A11: 6 | B11: Ally Bakali Kufikili | C11: PAINTER | D11: TN0027 | E11: 1 | F11: =E11*8 | G11: 0 | H11: =F11+G11 | I11: 6.78 | J11: =IFERROR(I11/H11,0) | K11: =MAX(0,1-J11) | L11: 578.49 | M11: 6.78 | N11: =M11+E11*2 | O11: =MIN(1.25,J11+15%) | P11: =J11 | Q11: =MIN(1.25,O11*P11/90%)
A12: 7 | B12: Daudi Khafani Mrisho | C12: PAINTER | D12: TN0028 | E12: 7 | F12: =E12*8 | G12: 0 | H12: =F12+G12 | I12: 45.73 | J12: =IFERROR(I12/H12,0) | K12: =MAX(0,1-J12) | L12: 3949.8 | M12: 45.73 | N12: =M12+E12*2 | O12: =MIN(1.25,J12+15%) | P12: =J12 | Q12: =MIN(1.25,O12*P12/90%)
A13: 8 | B13: Aboo Khan Babu Khan | C13: PAINTER | D13: TN0041 | E13: 6 | F13: =E13*8 | G13: 1 | H13: =F13+G13 | I13: 39.28 | J13: =IFERROR(I13/H13,0) | K13: =MAX(0,1-J13) | L13: 3294.91 | M13: 39.28 | N13: =M13+E13*2 | O13: =MIN(1.25,J13+15%) | P13: =J13 | Q13: =MIN(1.25,O13*P13/90%)
A14: 9 | B14: AFZAL ALI | C14: DENTER | D14: TN0046 | E14: 7 | F14: =E14*8 | G14: 4 | H14: =F14+G14 | I14: 46.27 | J14: =IFERROR(I14/H14,0) | K14: =MAX(0,1-J14) | L14: 3936.45 | M14: 46.27 | N14: =M14+E14*2 | O14: =MIN(1.25,J14+15%) | P14: =J14 | Q14: =MIN(1.25,O14*P14/90%)
A15: 10 | B15: ALEX LAL | C15: DENTER | D15: TN0047 | E15: 6 | F15: =E15*8 | G15: 1 | H15: =F15+G15 | I15: 39.76 | J15: =IFERROR(I15/H15,0) | K15: =MAX(0,1-J15) | L15: 3420.97 | M15: 39.76 | N15: =M15+E15*2 | O15: =MIN(1.25,J15+15%) | P15: =J15 | Q15: =MIN(1.25,O15*P15/90%)
A16: 11 | B16: MOHAMMAD ALMAGIR | C16: MECHANIC | D16: TN0055 | E16: 3 | F16: =E16*8 | G16: 0 | H16: =F16+G16 | I16: 9.39 | J16: =IFERROR(I16/H16,0) | K16: =MAX(0,1-J16) | L16: 812.16 | M16: 9.39 | N16: =M16+E16*2 | O16: =MIN(1.25,J16+15%) | P16: =J16 | Q16: =MIN(1.25,O16*P16/90%)
A17: 12 | B17: ADESH BARUA | C17: ELECTRICIAN | D17: TN0064 | E17: 7 | F17: =E17*8 | G17: 2 | H17: =F17+G17 | I17: 48.86 | J17: =IFERROR(I17/H17,0) | K17: =MAX(0,1-J17) | L17: 4114.68 | M17: 48.86 | N17: =M17+E17*2 | O17: =MIN(1.25,J17+15%) | P17: =J17 | Q17: =MIN(1.25,O17*P17/90%)
... A88: 83 | B88: Emmanuel Koranteng | C88: ELECTRICIAN | D88: TN0285 | E88: 6 | F88: =E88*8 | G88: 0 | H88: =F88+G88 | I88: 32 | J88: =IFERROR(I88/H88,0) | K88: =MAX(0,1-J88) | L88: 2742.07 | M88: 32 | N88: =M88+E88*2 | O88: =MIN(1.25,J88+15%) | P88: =J88 | Q88: =MIN(1.25,O88*P88/90%)
B90: TOTAL / AVG | E90: =SUM(E6:E88) | F90: =SUM(F6:F88) | G90: =SUM(G6:G88) | H90: =SUM(H6:H88) | I90: =SUM(I6:I88) | J90: =AVERAGE(J6:J88) | K90: =AVERAGE(K6:K88) | L90: =SUM(L6:L88) | M90: =SUM(M6:M88) | N90: =SUM(N6:N88) | O90: =AVERAGE(O6:O88) | P90: =AVERAGE(P6:P88) | Q90: =AVERAGE(Q6:Q88)

Sheet Assumptions
A1: Simulation / Estimation Notes
A3: 1. | B3: Jul-2026 values are transcribed from the KPI report images supplied in this chat.
A4: 2. | B4: Jan-Jun and Aug-2026 are synthetic estimates generated close to each technician's Jul-2026 attendance, productivity and billing pattern.
A5: 3. | B5: Sep-2026 is month-to-date through 09-Sep-2026 and is scaled to a maximum of 7 workdays.
A6: 4. | B6: Estimated months are for planning/testing/demo purposes only and should not be treated as accounting, payroll, HR, or operational source-of-truth data.
A7: 5. | B7: Derived fields use formulas: Available Hrs = Days Present x 8; Total Hrs = Available Hrs + OT; Productivity = Worked / Total; Idle = 1 - Productivity; Billed Hours = Billed HRS + 2 x Days Present; U% and E% are modeled around the pattern visible in the supplied Jul report.
